Gavrielle,Cymper
Shaylyn,Bussetti
Ferdie,Anton
Konrad,Beckhouse
Gale,Hallagan
Cornie,Andrag
Olly,Aubert
Carlin,Enevoldsen
Luis,Osmint
Dedie,Orriss
Skylar,Cook
Candra,Hamshar
Christean,Haine
Emelia,Cordon
Reggie,Hegg
Leonora,Getcliffe
Melissa,Tarborn
Shannon,Piddock
Jayne,McMurrugh
Mose,McMenamin
Shepherd,Pattingson
Robbert,Standering
Joyan,Rewcastle
Retha,Crowche
Cortney,Allardyce
Vanya,Meah
Aluin,Clamp
Yule,Chatain
Reeta,Dagnan
Corissa,Heisman
Niels,Eymer
Jenny,Allso
Dougie,Paulitschke
Holly,Arlt
Brandy,Kenwyn
Rickie,Dickey
Tessy,Coneley
Shoshanna,Webling
Guillaume,Lindenblatt
Codi,Sprague
Humfried,Petronis
Duffy,Stoving
Deana,Maryon
Wit,Mariette
Mal,Western
Dory,Tincombe
Akim,Norquoy
Ddene,Pottiphar
Emmy,Beebis
Boris,Sallery
Lulita,Arnold
Tadio,Le Noire
Rolph,Reisin
Leontyne,Kleisle
Toinette,Rothman
Sally,Blaisdale
Carolina,Walas
Rochette,Erwin
Pablo,Ladlow
Lars,Chetwin
Kirsteni,Masarrat
Sascha,Greste
Arlen,McCrackan
Rebe,Andryszczak
Florri,Gerling
Barris,Pervew
Ermanno,Motherwell
Stillman,Franca
Zachariah,Cowoppe
Matias,Lamport
Flori,Cisneros
Carly,Oglethorpe
Luciana,Cobbe
Henryetta,Nanelli
Sally,Forri
Virgie,Rayson
Emmeline,Lucus
Margalo,Whitham
Marja,Mussetti
Paquito,Mackley
Robbi,Fieldgate
Wadsworth,Banasevich
Thomasa,Mathieu
Bobbette,Trase
Torr,Bolderoe
Genevra,Simmig
Marget,Gainsboro
Hedvige,Goseling
Venita,Ondrak
Dorotea,Sheerman
Albie,Urch
Ashbey,Jinkin
Eli,Barczewski
Ashlee,Snalum
Anabal,Brockhurst
Blaire,Pink
Aggie,Winkett
Armstrong,Cogzell
Timi,Bener
Shurwood,Pryde
Tom,Devonside
Donavon,Maddy
Lucina,O'Haire
Ingeberg,Poon
Izaak,Cottie
Torr,Duham
Sallyanne,Petriello
Malinda,Conti
Gabi,Ansley
Annadiane,Fillon
Edlin,O'Connolly
Philly,Slamaker
Elfie,McIlwrick
Jammal,Tevelov
Doug,Mellon
Simeon,Dielhenn
Nickie,Donisi
Flossie,Shearman
Elsey,Klassman
Teodoor,Camber
Wolfgang,Awdry
Chaddy,Croley
Leeann,Eastman
Bobbie,Ruckhard
Franky,Nuzzti
Lindsey,Lowder
Bettye,Bonsall
Leyla,Gidden
Job,Possek
Andeee,Kaindl
Torry,Colebeck
Burtie,Van Dalen
Tito,Clohissy
Sigismondo,Birchner
Ermentrude,Ickovitz
Carlin,Van der Brug
Ayn,Vedmore
Pavlov,Witling
Coleen,Swede
Harmonia,Harcourt
Hillier,Kembery
Tucky,Devenport
Alla,Repp
Clement,Ringsell
Yardley,Ropking
Jeri,Shillum
Lenee,Gorce
Ty,Sives
Alexina,Mc Giffin
Donia,Kindleysides
Ellyn,Rabbitt
Tab,Lockhurst
Minnaminnie,Worrell
Irving,Holtum
Arne,Van der Veldt
Lari,Drezzer
Jodi,Bloss
Blaire,Pagen
Dame,Duffan
Kaiser,Vogeler
Niall,Vasnetsov
Aube,Mularkey
Elaine,Warrier
Bella,Cretney
Husain,Boutell
Drucill,Ciani
Hartley,Bentham
Gabey,Cleeves
Bell,Eslemont
Gardner,Clapton
Christophe,Quimby
Hakeem,Whitten
Toinette,Mallebone
Louie,Kisbee
Reuven,Domino
Marge,Fildery
Gabbie,Hamments
Zach,de Voiels
Charmane,Stoter
Rick,Gladdor
Auria,Cutcliffe
Haleigh,Darnody
Barris,Risdale
Chrisse,Moralee
Elmira,Ovendale
Nonah,Moules
Isacco,Clemendot
Deanna,Earle
Jennee,Crepel
Jacklyn,Gouldthorp
Melonie,Moutray Read
Keith,Jacquemy
Tedie,Benko
Adams,Ouchterlony
Barnaby,Moreno
Denney,Jammet
Luce,Whyler
Caresse,Tommaseo
Giraud,Ida
Nanete,Blabber
Zita,Local
Fonzie,Donald
Druci,MacRorie
Donny,Souley
Errick,Lighton
Abelard,Francino
Keri,Tomasi
Eva,Ishchenko
Caressa,Chesswas
Felicio,McCracken
Sheila-kathryn,Gunstone
Zsazsa,Mallinson
Krysta,Satterly
Sarena,Scothron
Brandy,Eggers
Robin,Bowerman
Freddie,Sculpher
Milicent,Varcoe
Milena,Seleway
Perkin,Banstead
Ciel,Trower
Munmro,Foulgham
Jarib,Hinrich
Merci,Burmaster
Addie,Vivians
Kellsie,Eccott
Lisa,Mustin
Martainn,Huie
Renard,Lalevee
Ebony,Ingyon
Levey,Pallaske
Tierney,Bockin
Cristi,Croyden
Lotte,Pamplin
Didi,Fozzard
Nigel,Shord
Chicky,Ludl
Jonathon,Lean
Joline,Laydel
Pennie,Fullard
Conrade,Abercrombie
Vance,Trewinnard
Astrid,Thompson
Dyann,Towe
Deb,Skillings
Amandie,Kaliszewski
Vergil,Chapelle
Morgana,Tuison
Zacharias,Pohl
Kristoffer,Wavish
Donna,Henke
Florella,Tackell
Asa,Bolver
Lynn,Borthe
Kelwin,Jessel
Eleonore,Shuttleworth
Evania,Blinco
Blinni,Swede
Bronnie,Halwill
Kellby,Cobleigh
Sansone,Baterip
Genvieve,Lindley
Odilia,Broadnicke
Winnifred,Duncanson
Orly,Denisevich
Mozes,Curcher
Cassius,Chesnay
Yancey,Ambrogioni
Leone,Helsdon
Teddie,Feild
Kass,Kimmings
Christin,Larkings
Delano,Sarjeant
Morgen,Chicchetto
Jamil,Perritt
Ava,Cleen
Alix,Baker
Zorina,Wands
Leisha,Urien
Arty,Houlahan
Mike,Fahy
Gustavus,Walster
Shelly,Blackmore
Austen,Buttfield
Stefa,Dixson
Myles,Blumfield
Katharyn,Davidovici
Hunt,Adin
Penrod,Larsen
Blancha,Grube
Stesha,Crammy
Kimmy,Treher
Brien,Cobbald
Maurits,Sudell
Whit,Pirson
Lauree,Kubasiewicz
Bradley,Vaines
Lexis,Leachman
Joletta,Brommage
Lalo,Andryszczak
Fran,Rau
Dagmar,Rubinshtein
Gabriello,Gerrelt
Austina,Toffoloni
Cyrill,Ballin
Parnell,Fritschmann
Liuka,Origan
Pail,Jurasek
Dwayne,Kirimaa
Nicolette,Dahmke
Hildegarde,Aleksic
Lorrie,Johns
Lyndsie,Balaisot
Werner,Dignan
Fernande,Spera
Rutter,Gohier
Marianna,Greir
Augie,Rubel
Philly,McInerney
Charmion,Revitt
Ram,Catherick
Gayel,Brekonridge
Sergeant,Gonnely
Nikolaus,Chard
Nichole,Bringloe
Liza,Masse
Clair,Scattergood
Carey,Rushmare
Torey,Doak
Nevile,Barrowclough
Shannan,Lotherington
Maurice,Vassbender
Nellie,Turville
Adriane,Stodart
Raul,Majury
Scotty,Gillingham
Roma,Causley
Frazier,Noweak
Ollie,Bates
Chen,Simnell
Sarah,D'Angeli
Fenelia,Wetton
Priscella,Ghirardi
Hulda,Basham
Giustina,Christon
Brina,Winsper
Klaus,Vyel
Winston,Gligorijevic
Monro,MacChaell
Bernette,Cutchee
Anna-diane,Innman
Desmund,Stennine
Jock,Quillinane
Westbrooke,McAree
Shirley,McRoberts
Fredek,Wemes
Jasmine,Van T'Hoog
Elisabet,Colkett
Matthus,Cecely
Tiphani,Dwelling
Thornie,Hearthfield
Janene,Harrison
Denny,Romao
Enos,Dexter
Carol,Chuter
Gertie,Law
Jedediah,Fransman
Poppy,Dandie
Kathryne,Bareford
Iris,Spearett
Keary,Jolliman
Cherise,Hildrew
Agace,Berisford
Violet,Hayland
Audrie,Free
Brook,Smoth
Chloe,Rainsbury
Row,Maggiori
Hamlin,Churchman
Wanda,Yven
Gladys,Ricco
Sherline,Stennet
Fidel,Limeburn
Web,Bosma
Faythe,Bentley
Tersina,Fisher
Thor,Ellam
Nessie,Younie
Gustave,Durber
Cassandra,Burkin
Padgett,Gionettitti
Hale,O'Corrane
Kore,Lebourn
Kai,Bickley
Issi,Dreus
Rolando,Lainton
Dorisa,Cheatle
Cassey,Gossart
Shayne,Rowlatt
Bevin,Loveridge
Myrta,Samwayes
Stephine,Kearton
Pete,Zecchinii
Mattie,Parrott
Cash,Krzyzowski
Mabelle,Camings
Ches,De Michele
Arther,Walworth
Anthea,Oldis
Lyssa,Penni
Griswold,Errigo
Bartlett,Beidebeke
Gavra,Maddison
Andros,Bukac
Kelsi,Widdop
Orel,Maxwale
Gay,Leamon
Tanny,Bernucci
Betteanne,Crilly
Lynnell,Elvey
Heddie,Belliss
Zelma,Cromer
Quincy,Silman
Clerissa,Frankham
Geneva,Vasquez
Miranda,Ferschke
Blinnie,Kilminster
Lucine,Hurburt
Margarethe,Duigan
Leila,Benedito
Zeke,Lynock
Kassie,Villar
Lyell,Von Der Empten
Elia,Naisbitt
Rebbecca,Succamore
Louise,McGrayle
Felice,Winwright
Ladonna,Simmig
Martainn,Ewins
Reilly,Gush
Tedi,Tytterton
Crysta,McFie
Melodee,Drinkwater
Jaye,Berthomieu
Harold,Rosetti
Wang,Van Dijk
Immanuel,Lockyer
Annecorinne,Brougham
Bartolomeo,Bartrop
Lilli,Sickamore
Conroy,Yankishin
Pietrek,McGettigan
Arch,Fountian
Nissa,Duffer
Durante,Jorry
Vince,Leppo
Klarrisa,Jellings
Shane,Leith
Ingunna,Van Salzberger
Mathew,Deans
Harmonie,Tommasetti
Sheridan,Tribell
Sax,Kilford
Gabby,Simonich
Clarice,Fulep
Larry,Guilleton
Mallory,Dunkley
Jorie,Sidlow
Rinaldo,Jecock
Gorden,Darwen
Dorthy,Kwietek
Skipp,Porteous
Demetre,Chansonnau
Alfie,Ghiroldi
Doralyn,Grishukhin
Jessamyn,Jaye
Leonora,Ossulton
Sampson,Garms
Peggy,Garnett
Melania,Franciotti
Gianni,Thomerson
Renaud,Kowalski
Jackquelin,Defond
Orelie,Bache
Shanan,Montrose
Giovanna,Cuseck
Chancey,Stredwick
Tracee,Roze
Dorian,Izzatt
Kerry,McVitie
Ignazio,Coldbreath
Winthrop,Dolle
Rhys,Vakhrushev
Christy,Readshaw
Althea,Gooding
Konstanze,Conkey
Libbie,Griggs
Gill,Wallbank
Salomon,Pelling
Larisa,Unwins
Ernst,Joiner
Shandy,Taye
Bond,Marcombe
Nady,Charity
Chariot,Bescoby
Tab,Mauro
Godart,Battisson
Erinna,Rea
Paola,Geaveny
Alisa,Pitsall
Kevan,Jaumet
Mickie,Royds
Mei,Jobey
Gabriele,Tunnow
Eachelle,Rolling
Cointon,Milesop
Yurik,Glavias
Bruce,Starton
Giacinta,Benedicte
Yul,Willeman
Silvio,Devonside
Elnora,Jermyn
Maria,Tresvina
Antonina,Fountian
Artus,Brereton
Winnah,Birdwhistell
Helga,Claussen
Loleta,Vaux
Ladonna,Henfre
Jemimah,Reckless
Flossie,Swin
Sebastian,Flaonier
Sammy,Gilogly
Gabe,Balcock
Tawsha,Shorey
Jonathan,Tiddeman
Marjory,Gorke
Chloe,Mannagh
Ian,Van Driel
Austina,Schirach
Hector,Coll
Joanne,De Dei
Lettie,Bransom
Lucy,Orhtmann
Catherin,Angelini
Forester,Lightfoot
Sophia,Insoll
Bibi,Tague
Nell,Stiffell
Crystie,Juschka
Patti,Faulds
Nan,Blenkinsop
Erroll,Maass
Lilian,Hurran
Rubie,Getley
Franklyn,Huthart
Oliy,Iwaszkiewicz
Issy,Coulton
Kayne,Raimbauld
Maure,Juett
Elvina,Saggs
Dru,Wildt
Sheilah,Bewly
Bernhard,Drinkel
Kerrill,Fain
Henriette,Girkins
Hettie,Langhor
Lynnea,Buxy
Maurise,Buse
Zonda,Groocock
Joly,Lerway
Ram,Nerney
Greta,Misselbrook
Darlleen,Skentelbury
Jamey,Edler
Julie,Franzewitch
Lindi,Scowen
Rebekah,Eltun
Freddy,Bendig
Darlene,Castletine
Janean,Dabinett
Noel,Warman
Mimi,Joule
Kliment,Cowwell
Mayer,Glanville
Claiborn,Furby
Trixi,Beggini
Allyn,Mauser
Jody,Milborn
Mick,Leggate
Lanie,Jozwik
Zondra,Gosse
Dorisa,McCorley
Florentia,Stollenhof
Ario,Castagnasso
Jacquette,Meeland
Colver,Sinyard
Dennison,Croy
Rois,Reeken
Morey,Chrystie
Jillie,Drinkeld
Jillene,Venard
Gael,Oswell
Conni,Grinvalds
Pren,Fritzer
Gerard,Gavaran
Corly,Duddle
Hatty,Stoodley
Adora,Langforth
Kelby,Leglise
Bridgette,Irlam
Amargo,Fidelus
Mikol,Cheesworth
Royall,Delacour
Dore,Raith
Kristin,Linacre
Kerby,Goodlip
Orella,Serchwell
Hewe,Tuckley
Oren,Lorain
Dominica,Diament
Aggie,Posselwhite
Alexandro,Rickards
Anthiathia,Freeland
Averill,Kestell
Dante,Klimpt
Sephira,Beeson
Carole,Dunkley
Rogers,Tulloch
Joseito,Karppi
Averill,Buggs
Coral,Asquez
Myrvyn,Catteroll
Siobhan,Sherer
Merrel,Campling
Cindy,Lehrian
Christoforo,Dallyn
Gerome,Sherwen
Carlota,Canero
Kriste,Mullineux
Elisabet,Khristyukhin
Judy,Wardrop
Griffith,Woolfoot
Millie,Salliss
Ashil,Ripsher
Flint,Barnham
Guglielmo,Uppett
Herschel,Cornick
Effie,Collidge
Claribel,Charopen
Harwilll,Ailward
Polly,Farmloe
Ardelia,Cranham
Miguela,Yacob
Lani,Levick
Marysa,Darrigrand
Goddart,Chang
Bryant,Valsler
Chan,Dooland
Codie,Milella
Elihu,Poley
Irita,Beretta
Hobey,Venturoli
Lennard,Treasaden
Michail,Keune
Peggy,Fawks
Gris,Viscovi
Grannie,Servante
Dunn,McClurg
Palmer,Joska
Aindrea,Cordeix
Rebekkah,Balcock
Osbourn,Ravenscraft
Minne,Weakley
Brok,Raddin
Chucho,Tzarkov
Ashlin,Jakobssen
Danya,Sirette
Karia,Holehouse
Aili,Paulisch
Chaim,Blinerman
Denice,Golbourn
Kahlil,Zapater
Allyce,Jennins
Kira,Tenant
Trumann,Kail
Marthena,Wagnerin
Karie,Delves
Clovis,Goscomb
Garek,Hegg
Chicky,de Amaya
Howard,Thornborrow
Giovanna,Stother
Estevan,Spens
Arlen,Klimecki
Odey,Eberz
Hermione,Justis
Lindsey,Bricksey
Austine,Prisk
Kristopher,Van Bruggen
Clemens,Tappor
Madelene,Leinweber
Karol,Cockrem
Ninnette,MacAndreis
Harmonie,Goldsack
Arlana,Domenico
Broderick,Mordin
Jana,Tole
Corene,Sieghart
Renelle,Climpson
Loralie,Moresby
Persis,Brogioni
Ase,Ramel
Lorne,Vass
Katuscha,Paute
Ewen,Beaconsall
Jone,Bushby
Maximilian,Kalvin
Torrin,Babin
Thaddeus,Aleksandrikin
Allix,Hallagan
Wallis,Garfield
Ed,Hudspith
Diarmid,Caulton
Glenden,Fairbourne
Clo,Sponer
Carce,Primett
Melina,Ruf
Issy,Kimpton
Cody,Harbidge
Sam,Staunton
Terry,Masselin
Juanita,Womersley
Robers,Wherry
Buck,Cunnane
Heath,Curnnokk
Roana,McGowan
Page,Boltwood
Lolly,Elgee
Kennie,Yakobowitch
Blisse,Ibbison
Datha,Saffle
Gayle,Sail
Analiese,Lantuff
Hi,Kellick
Hilliary,Stigger
Amity,Maymand
Everard,Looney
Gianina,Ornillos
Sherwin,Schiersch
Farlay,Coiley
Al,Greenfield
Gwyn,Haggerstone
Dorisa,Cleaves
Cynthie,Kleinert
Dara,Averall
Liuka,McCosker
Leonard,Lynde
Saudra,Dalwood
Malina,Sidnell
Grove,Toulson
Rachele,Carlos
Mallissa,Linggood
Engracia,Eltun
Winonah,Rolfe
Haleigh,Scholl
Ailsun,Worledge
North,Pimblotte
Monti,Mewrcik
Fidelity,Beloe
Yolane,Gelly
Joycelin,Rearie
Justino,Kefford
Palmer,Atcock
Genevieve,Varns
Dorian,Hymas
Alonzo,Sparrowhawk
Julian,Howroyd
Stacee,Latham
Mala,Dimmack
Angus,Glasner
Hazlett,Muffett
Ivor,Cauley
Phil,Lebond
Abrahan,Mabone
Gilburt,Chastenet
Hakeem,Teasdale-Markie
Chen,Cuvley
Ulrikaumeko,Wrout
Carolee,Mazzilli
Elwin,Voules
Brunhilda,Cowlard
Zane,Shalcras
Tedman,Godon
Neely,Loncaster
Rab,Sauniere
Malissia,Spottiswood
Arney,Janousek
Olly,Camus
Arch,Long
Mella,Johann
Beck,MacDiarmid
Danna,Wycliffe
Braden,Westmerland
Lila,Clemendet
Teddie,Harrold
Ericha,Tarrant
Luciano,Semmens
Alejandra,Braizier
Larissa,Lyvon
Lenka,Throughton
Jerrylee,Ollet
Archibald,Durston
Aubree,Cheverton
Nataniel,Di Baudi
Raff,MacGorrie
Norbert,Beddall
Francklin,Simms
Estele,Nornable
Maddy,Barthelemy
Jessie,Scanlin
Cristina,Gaylard
Kalie,Hehir
Jolie,Rowbottam
Kriste,Hafner
Charmain,Ambrose
Corrinne,Close
Stacey,Abade
Kira,Costar
Katya,Bevans
Jesse,Dayes
Ameline,Chewter
Kimberlee,Olin
Debera,Bollard
Kyle,McCory
Foss,Cohalan
Annamarie,Bayman
Consalve,Broek
Rafaellle,Frodsham
Shawn,Sullens
Marlane,Lowell
Maryjo,MacGiffin
Vasili,Borthe
Horatius,Ilyushkin
Shepherd,Duchesne
Maurise,Golden
Daffie,Whitten
Kriste,McGrey
Cristiano,Jerrard
Nancy,Barwell
Collete,O'Sesnane
Magdalena,Loughran
Lind,Janout
Gilligan,Bennoe
Emelda,Christer
Giacobo,Burnep
Rafaello,Grantham
Mara,Thorneywork
Huberto,Oliver-Paull
Alanna,Crewther
Madalena,Thridgould
Pattin,Kingham
Anni,Wyvill
Sophey,Starford
Jephthah,Knapp
Beatrice,Durker
Katine,McCarron
Rhodia,Limon
Shurwood,Caneo
Mic,Germon
Rodge,Febvre
Aksel,Kenneway
Nelle,Urien
Trish,Shatliff
Tierney,D'Aeth
Carol,Waiting
Brandais,Heikkinen
Torie,Bonick
Grata,Britten
Norene,Fields
Zacharia,Malt
Arley,Domenici
Sib,Rising
Lonna,Povlsen
Nadean,Quadrio
Adore,O'Glessane
Bartram,Syddie
Rudolf,Smalls
Hinda,Carrodus
Sapphira,Pyburn
Greg,Danev
Clerkclaude,Mulhill
Niel,Macoun
Anderson,Shadfourth
Nancee,Jenne
Norene,Johnsey
Manfred,Crepel
Elizabet,Kettel
Iris,Enoksson
Winnie,Danielovitch
Tiffie,Ricart
Corliss,Karpinski
Penelopa,Corkel
Moe,Batalle
Sabina,Rawlence
Sanson,Swindells
Karita,Carnilian
Tad,Garrigan
Shela,Inglesant
Carlotta,Gyngell
Riordan,Devonish
Alexei,Fenner
Karon,Verduin
Jeno,Chevalier
Kendal,Danilewicz
Hestia,Blissitt
Karlan,McLarnon
Claire,Sommerton
Humfrid,Boss
Earle,Markova
Edith,Joesbury
Carroll,Casseldine
Algernon,Gergolet
Ranique,Marwood
Germaine,Cufflin
Harman,Blencoe
Andris,Virgo
Brianne,Kimbling
Ninette,Di Maggio
Tabor,Howsan
Bertram,Flye
Vanessa,Hallbord
Whitaker,Pea
Dennie,Beardwood
Emylee,Galle
Timmi,Lackinton
Cinderella,Chagg
Ruth,Herculeson
Elsy,Mirfin
Pepita,Clarson
Carmela,Bertolin
Bartlet,Wybrew
Alidia,Reeken
Marcella,Cassam
Irma,Tumini
Bernetta,Feechum
Elvina,Spatig
Vivian,Staddon
Ahmad,Sargent
Susannah,Leggan
Donelle,Dangl
Tiffani,Karim
Milli,Drews
Carlina,Jugging
Bendite,Guirau
Giustino,Plank
Erminie,Woodsford
Major,Sills
Mikey,Ventam
Mildrid,Fussen
Philbert,Knottley
Salem,O'Brollachain
Pearla,Henstridge
Eleen,Lyndon
Barny,O'Hartagan
Jessica,Faulder
Puff,Fries
Barbie,Pittham
Rosy,Pook
Domeniga,Wauchope
Enos,Roostan
Annadiane,Tribbeck
Yorgos,Esplin
Gerrard,Feechan
Moll,McSkeagan
John,Lackeye
Ancell,Tomaskunas
Bailie,Mealing
Arluene,Giddings
Armstrong,Windous
Rois,Culley
Lanette,Huyghe
Michell,Tupie
Ugo,Skipsea
Merv,Rocca
Estrellita,Peachman
Nickie,Sudddard
Ailee,Gronou
Madlin,Dawidowsky
Rochester,Kivelle
Madison,Salvatore
Helge,Foulger
Jilli,Kneebone
Wallache,Carnihan
Sindee,Di Carlo
Nobe,Shallow
Vaclav,Figgen
Steffane,Biaggetti
Dietrich,Mournian
Margarete,Frith
